{"cameraMode":{"drawMode":0,"name":"Shaded","section":"Shading Mode"},"sceneLighting":true,"audioPlay":false,"sceneViewState":{"showFog":true,"showMaterialUpdate":false,"showSkybox":true,"showFlares":true,"showImageEffects":true,"showParticleSystems":true},"in2DMode":false,"pivot":{"x":4.139999866485596,"y":1.3400001525878907,"z":0.0},"rotation":{"x":-0.09009286016225815,"y":-0.43788349628448489,"z":0.04415633901953697,"w":-0.8934156894683838},"size":4.497813701629639,"orthographic":true}