{"cameraMode":{"drawMode":0,"name":"Shaded","section":"Shading Mode"},"sceneLighting":false,"audioPlay":false,"sceneViewState":{"showFog":true,"showMaterialUpdate":false,"showSkybox":true,"showFlares":true,"showImageEffects":true,"showParticleSystems":true},"in2DMode":false,"pivot":{"x":0.26999998092651369,"y":1.6186249256134034,"z":0.0},"rotation":{"x":0.23326098918914796,"y":0.023633340373635293,"z":-0.005668506026268005,"w":0.972110390663147},"size":3.0855698585510256,"orthographic":true}